bucket,gt_count,tp,fn,recall@0.5IoU
non_occluded,81579,56526,25053,0.6928989078071562
non_truncated,148952,89569,59383,0.6013279445727483
occluded,79970,43298,36672,0.5414280355133175
truncated,12597,10255,2342,0.8140827181074859
